num_parties,mean_computation_time,std_computation_time,mean_communication_cost,std_communication_cost
3,3.0483477115631104,0.015484047880351086,6830,5.0990195135927845
5,3.6059831619262694,0.02744758823524886,11608.4,6.3874877690685254
7,4.493197822570801,0.4146148830226582,16549.6,17.57270610919104
10,5.29476580619812,0.12051179227056104,24290.6,19.81918262693999
20,8.970233583450318,0.045002880609649756,52987.6,15.97811002590732
40,19.157458209991454,1.0270638113444526,123447.6,114.06270205461556
