num_operations,mean_computation_time,std_computation_time,mean_communication_cost,std_communication_cost
10,2.422502899169922,0.06715529889071765,2841.6,8.648699324175862
30,3.0873013973236083,0.02325865344946926,7221.6,10.526157893552615
70,4.198423242568969,0.04079793792383865,15974.4,13.446189051177289
100,5.072758769989013,0.018667666033991143,22544,17.146428199482248
