num_operations,mean_computation_time,std_computation_time,mean_communication_cost,std_communication_cost
10,6.092074680328369,1.9548953774208735,16856.6,23.458473948660856
30,13.325831413269043,0.6735693397594659,52391.8,23.12358103754693
70,28.781588411331178,13.192142027123875,123460.2,58.50384602741943
100,22.27473545074463,0.5970753254435341,176756.8,63.562567600750675
