num_operations,mean_computation_time,std_computation_time,mean_communication_cost,std_communication_cost
10,3.7722262859344484,0.08384085885386516,16878.6,15.290519938837921
30,7.913997745513916,0.2713615644077744,52408.4,23.426480742954116
70,20.72756485939026,5.669537366369568,123417.8,26.517918470347556
100,32.42174825668335,10.348476226373926,176762.2,62.45958693427295
