num_operations,mean_computation_time,std_computation_time,mean_communication_cost,std_communication_cost
10,2.452443552017212,0.05760278845425305,2846,5.0990195135927845
30,3.041960906982422,0.098663674072364,7220,6.324555320336759
70,4.3212456703186035,0.066744899268547,15980.4,12.280065146407
100,5.457040214538575,0.13637876652319397,22540,16.55294535724685
